No,공고제목,회사,지역,link
1,간호사,보령시립노인전문병원,충남>보령시,https://job.incruit.com/jobdb_info/jobpost.asp?job=2408130002015&src=etc*search
2,"양평요양병원에서 간호사(병동간호사1명, 나이트간호사1명) 모십니다.",양평요양병원,경기>양평군,https://job.incruit.com/jobdb_info/jobpost.asp?job=2408230001390&src=etc*search
3,간호사 모집,예손재활의학과의원,경남>진주시,https://job.incruit.com/jobdb_info/jobpost.asp?job=2408190000870&src=etc*search
4,간호사 구인,올리브실버케어,경기>고양시 덕양구,https://job.incruit.com/jobdb_info/jobpost.asp?job=2408200002463&src=etc*search
5,간호사 모집,라온팰리스요양원,경기>수원시 권선구,https://job.incruit.com/jobdb_info/jobpost.asp?job=2408210005115&src=etc*search
6,간호사 모십니다.,우석대한방병원,전북>전주시 완산구,https://job.incruit.com/jobdb_info/jobpost.asp?job=2408230000674&src=etc*search
7,정신과 간호사,한길병원,전북>완주군,https://job.incruit.com/jobdb_info/jobpost.asp?job=2408220000656&src=etc*search
8,감염 간호사 구합니다.,브니엘요양병원,인천>계양구,https://job.incruit.com/jobdb_info/jobpost.asp?job=2408270004557&src=etc*search
9,"수간호사, N전담간호사, D/E간호사  초빙 공고",의료법인 아주효성의료재단,경기>화성시,https://job.incruit.com/jobdb_info/jobpost.asp?job=2408210005649&src=etc*search
10,병동간호사모집,(의)성동재단,대구>북구,https://job.incruit.com/jobdb_info/jobpost.asp?job=2408160003316&src=etc*search
11,"간호사 모집 / 병동 3교대 / D, E  간호사",실로암요양병원,전북>완주군,https://job.incruit.com/jobdb_info/jobpost.asp?job=2408200000620&src=etc*search
12,간호사 채용 공고,문경어르신마을,경북>문경시,https://job.incruit.com/jobdb_info/jobpost.asp?job=2408140005211&src=etc*search
13,책임간호사 구인,의료법인청명의료재단 목포참사랑요양병원,전남>목포시,https://job.incruit.com/jobdb_info/jobpost.asp?job=2408130002275&src=etc*search
14,간호사 채용 공고,경상남도립치매요양병원,경남>김해시,https://job.incruit.com/jobdb_info/jobpost.asp?job=2408200004508&src=etc*search
15,응급실 간호사 모집,서산중앙병원,충남>서산시 외,https://job.incruit.com/jobdb_info/jobpost.asp?job=2408190003797&src=etc*search
16,인성병원 간호사 구인,인성병원,경북>포항시 북구,https://job.incruit.com/jobdb_info/jobpost.asp?job=2408210000463&src=etc*search
17,간호사 채용,황석순내과의원,경북>포항시 북구,https://job.incruit.com/jobdb_info/jobpost.asp?job=2408140000651&src=etc*search
18,간호사 채용,율요양원,대전>서구,https://job.incruit.com/jobdb_info/jobpost.asp?job=2408230003182&src=etc*search
19,간호사 모집,한나요양원,경기>이천시,https://job.incruit.com/jobdb_info/jobpost.asp?job=2408130000473&src=etc*search
20,속초보광병원 간호사 채용,의료법인보광의료재단속초보광병원,강원>속초시,https://job.incruit.com/jobdb_info/jobpost.asp?job=2403270000398&src=etc*search
21,간호사 채용,원주연세의원,강원>원주시,https://job.incruit.com/jobdb_info/jobpost.asp?job=2408270004257&src=etc*search
22,나이트 전담 간호사 구인합니다.,미래아동병원,광주>남구,https://job.incruit.com/jobdb_info/jobpost.asp?job=2408230003423&src=etc*search
23,급) M간호사 채용합니다.(N 간호사도 채용합니다.),화현요양병원,경기>포천시,https://job.incruit.com/jobdb_info/jobpost.asp?job=2408190006477&src=etc*search
24,간호사 모집합니다,제주원광요양원,제주>제주시,https://job.incruit.com/jobdb_info/jobpost.asp?job=2408270001823&src=etc*search
25,요양원 간호사구인,안양실버케어호계요양원,경기>안양시 동안구,https://job.incruit.com/jobdb_info/jobpost.asp?job=2408260006184&src=etc*search
26,3교대 간호사 채용합니다.,미즈병원,전남>순천시,https://job.incruit.com/jobdb_info/jobpost.asp?job=2408130005600&src=etc*search
27,간호사.간호조무사 분들 구합니다.^^,미앤맘산부인과,충남>공주시,https://job.incruit.com/jobdb_info/jobpost.asp?job=2408270004718&src=etc*search
28,도경요양병원 간호사 모집,청솔요양병원,강원>삼척시,https://job.incruit.com/jobdb_info/jobpost.asp?job=2408270003719&src=etc*search
29,간호사 신입/경력  채용,(의)용성의료재단 삼성합천병원,경남>합천군,https://job.incruit.com/jobdb_info/jobpost.asp?job=2408090002561&src=etc*search
30,해피요양원 간호사 모집합니다,해피요양원,경남>창원시 진해구,https://job.incruit.com/jobdb_info/jobpost.asp?job=2408210003879&src=etc*search
31,간호사,보령시립노인전문병원,충남>보령시,https://job.incruit.com/jobdb_info/jobpost.asp?job=2408130002015&src=etc*search
32,"양평요양병원에서 간호사(병동간호사1명, 나이트간호사1명) 모십니다.",양평요양병원,경기>양평군,https://job.incruit.com/jobdb_info/jobpost.asp?job=2408230001390&src=etc*search
33,간호사 모집,예손재활의학과의원,경남>진주시,https://job.incruit.com/jobdb_info/jobpost.asp?job=2408190000870&src=etc*search
34,간호사 구인,올리브실버케어,경기>고양시 덕양구,https://job.incruit.com/jobdb_info/jobpost.asp?job=2408200002463&src=etc*search
35,간호사 모집,라온팰리스요양원,경기>수원시 권선구,https://job.incruit.com/jobdb_info/jobpost.asp?job=2408210005115&src=etc*search
36,간호사 모십니다.,우석대한방병원,전북>전주시 완산구,https://job.incruit.com/jobdb_info/jobpost.asp?job=2408230000674&src=etc*search
37,정신과 간호사,한길병원,전북>완주군,https://job.incruit.com/jobdb_info/jobpost.asp?job=2408220000656&src=etc*search
38,감염 간호사 구합니다.,브니엘요양병원,인천>계양구,https://job.incruit.com/jobdb_info/jobpost.asp?job=2408270004557&src=etc*search
39,"수간호사, N전담간호사, D/E간호사  초빙 공고",의료법인 아주효성의료재단,경기>화성시,https://job.incruit.com/jobdb_info/jobpost.asp?job=2408210005649&src=etc*search
40,병동간호사모집,(의)성동재단,대구>북구,https://job.incruit.com/jobdb_info/jobpost.asp?job=2408160003316&src=etc*search
41,"간호사 모집 / 병동 3교대 / D, E  간호사",실로암요양병원,전북>완주군,https://job.incruit.com/jobdb_info/jobpost.asp?job=2408200000620&src=etc*search
42,간호사 채용 공고,문경어르신마을,경북>문경시,https://job.incruit.com/jobdb_info/jobpost.asp?job=2408140005211&src=etc*search
43,책임간호사 구인,의료법인청명의료재단 목포참사랑요양병원,전남>목포시,https://job.incruit.com/jobdb_info/jobpost.asp?job=2408130002275&src=etc*search
44,간호사 채용 공고,경상남도립치매요양병원,경남>김해시,https://job.incruit.com/jobdb_info/jobpost.asp?job=2408200004508&src=etc*search
45,응급실 간호사 모집,서산중앙병원,충남>서산시 외,https://job.incruit.com/jobdb_info/jobpost.asp?job=2408190003797&src=etc*search
46,인성병원 간호사 구인,인성병원,경북>포항시 북구,https://job.incruit.com/jobdb_info/jobpost.asp?job=2408210000463&src=etc*search
47,간호사 채용,황석순내과의원,경북>포항시 북구,https://job.incruit.com/jobdb_info/jobpost.asp?job=2408140000651&src=etc*search
48,간호사 채용,율요양원,대전>서구,https://job.incruit.com/jobdb_info/jobpost.asp?job=2408230003182&src=etc*search
49,간호사 모집,한나요양원,경기>이천시,https://job.incruit.com/jobdb_info/jobpost.asp?job=2408130000473&src=etc*search
50,속초보광병원 간호사 채용,의료법인보광의료재단속초보광병원,강원>속초시,https://job.incruit.com/jobdb_info/jobpost.asp?job=2403270000398&src=etc*search
51,간호사 채용,원주연세의원,강원>원주시,https://job.incruit.com/jobdb_info/jobpost.asp?job=2408270004257&src=etc*search
52,나이트 전담 간호사 구인합니다.,미래아동병원,광주>남구,https://job.incruit.com/jobdb_info/jobpost.asp?job=2408230003423&src=etc*search
53,급) M간호사 채용합니다.(N 간호사도 채용합니다.),화현요양병원,경기>포천시,https://job.incruit.com/jobdb_info/jobpost.asp?job=2408190006477&src=etc*search
54,간호사 모집합니다,제주원광요양원,제주>제주시,https://job.incruit.com/jobdb_info/jobpost.asp?job=2408270001823&src=etc*search
55,요양원 간호사구인,안양실버케어호계요양원,경기>안양시 동안구,https://job.incruit.com/jobdb_info/jobpost.asp?job=2408260006184&src=etc*search
56,3교대 간호사 채용합니다.,미즈병원,전남>순천시,https://job.incruit.com/jobdb_info/jobpost.asp?job=2408130005600&src=etc*search
57,간호사.간호조무사 분들 구합니다.^^,미앤맘산부인과,충남>공주시,https://job.incruit.com/jobdb_info/jobpost.asp?job=2408270004718&src=etc*search
58,도경요양병원 간호사 모집,청솔요양병원,강원>삼척시,https://job.incruit.com/jobdb_info/jobpost.asp?job=2408270003719&src=etc*search
59,간호사 신입/경력  채용,(의)용성의료재단 삼성합천병원,경남>합천군,https://job.incruit.com/jobdb_info/jobpost.asp?job=2408090002561&src=etc*search
60,해피요양원 간호사 모집합니다,해피요양원,경남>창원시 진해구,https://job.incruit.com/jobdb_info/jobpost.asp?job=2408210003879&src=etc*search
